Screen,Files,Base,SourceActionCandidates,SourceTabs,RuntimeControlsCaptured,Evidence
AMCDetailPage,SOURCE_CODE/UI/AMCDetailPage.Designer.cs;SOURCE_CODE/UI/AMCDetailPage.cs,BaseUserControl,"Add,Delete,Close","Equipment,Service History,Visit Schedule",False,Class-scoped source candidates including partial/designer files. Labels and handler wiring do not prove business success; absence is not automatically a missing action.
AMCPage,SOURCE_CODE/UI/AMCPage.Designer.cs;SOURCE_CODE/UI/AMCPage.cs,DeferredPageControl,"Add,ClearFilters",,True,Class-scoped source candidates including partial/designer files. Labels and handler wiring do not prove business success; absence is not automatically a missing action.
AMCPreventivePlannerForm,SOURCE_CODE/UI/AMCPreventivePlannerForm.cs,ServoFormBase,"Add,Close",3  Review & confirm,False,Class-scoped source candidates including partial/designer files. Labels and handler wiring do not prove business success; absence is not automatically a missing action.
AddAMCEquipmentForm,SOURCE_CODE/UI/AddAMCEquipmentForm.Designer.cs;SOURCE_CODE/UI/AddAMCEquipmentForm.cs,ServoERP.Infrastructure.ServoFormBase,"Add,Save,Close",,False,Class-scoped source candidates including partial/designer files. Labels and handler wiring do not prove business success; absence is not automatically a missing action.
AddAMCForm,SOURCE_CODE/UI/AddAMCForm.Designer.cs;SOURCE_CODE/UI/AddAMCForm.cs,ServoERP.Infrastructure.ServoFormBase,"Add,Save,Delete,Close",,False,Class-scoped source candidates including partial/designer files. Labels and handler wiring do not prove business success; absence is not automatically a missing action.
AgentSimulationPanel,SOURCE_CODE/UI/AgentSimulationPanel.cs,ServoERP.Infrastructure.ServoFormBase,Delete,,False,Class-scoped source candidates including partial/designer files. Labels and handler wiring do not prove business success; absence is not automatically a missing action.
AiAssistantForm,SOURCE_CODE/UI/AiAssistantForm.cs,ServoERP.Infrastructure.ServoFormBase,"Add,Save,Close",,False,Class-scoped source candidates including partial/designer files. Labels and handler wiring do not prove business success; absence is not automatically a missing action.
AttendanceForm,SOURCE_CODE/UI/AttendanceForm.cs,HVAC_Pro_Desktop.UI.DeferredPageControl,"Add,Save,Close",,True,Class-scoped source candidates including partial/designer files. Labels and handler wiring do not prove business success; absence is not automatically a missing action.
BackupSettingsForm,SOURCE_CODE/UI/BackupSettingsForm.Designer.cs;SOURCE_CODE/UI/BackupSettingsForm.cs,ServoERP.Infrastructure.ServoFormBase,"Add,Save,Close",,False,Class-scoped source candidates including partial/designer files. Labels and handler wiring do not prove business success; absence is not automatically a missing action.
ChangePasswordForm,SOURCE_CODE/UI/ChangePasswordForm.cs,ServoERP.Infrastructure.ServoFormBase,"Add,Save",,False,Class-scoped source candidates including partial/designer files. Labels and handler wiring do not prove business success; absence is not automatically a missing action.
ClientDetailPage,SOURCE_CODE/UI/ClientDetailPage.cs,BaseUserControl,"Add,Save,Delete,Close",,False,Class-scoped source candidates including partial/designer files. Labels and handler wiring do not prove business success; absence is not automatically a missing action.
ClientImportRepairDialog,SOURCE_CODE/UI/ClientImportRepairDialog.cs,ServoFormBase,"Save,Delete,Filter,ClearFilters,SelectAll,ClearSelection,Close",,True,Class-scoped source candidates including partial/designer files. Labels and handler wiring do not prove business success; absence is not automatically a missing action.
ClientManagementForm,SOURCE_CODE/UI/ClientManagementForm.cs,DeferredPageControl,"Add,Save,Delete,Filter,ClearFilters,Close,Refresh",,True,Class-scoped source candidates including partial/designer files. Labels and handler wiring do not prove business success; absence is not automatically a missing action.
CloseJobDialog,SOURCE_CODE/UI/JobManagementForm.cs,ServoERP.Infrastructure.ServoFormBase,Close,,False,Class-scoped source candidates including partial/designer files. Labels and handler wiring do not prove business success; absence is not automatically a missing action.
CompanyTemplateManagerDialog,SOURCE_CODE/UI/MasterDataForm.cs,ServoERP.Infrastructure.ServoFormBase,"Save,Delete",,False,Class-scoped source candidates including partial/designer files. Labels and handler wiring do not prove business success; absence is not automatically a missing action.
CompliancePackForm,SOURCE_CODE/UI/CompliancePackForm.cs,ServoERP.Infrastructure.ServoFormBase,Close,,False,Class-scoped source candidates including partial/designer files. Labels and handler wiring do not prove business success; absence is not automatically a missing action.
ConnectionSetupForm,SOURCE_CODE/UI/ConnectionSetupForm.cs,ServoERP.Infrastructure.ServoFormBase,"Add,Save,Close",,False,Class-scoped source candidates including partial/designer files. Labels and handler wiring do not prove business success; absence is not automatically a missing action.
ContractManagementForm,SOURCE_CODE/UI/ContractManagementForm.cs,DeferredPageControl,"Add,Save,Delete,Filter,ClearFilters,Close,Refresh",,True,Class-scoped source candidates including partial/designer files. Labels and handler wiring do not prove business success; absence is not automatically a missing action.
CreateAccountForm,SOURCE_CODE/UI/CreateAccountForm.cs,ServoERP.Infrastructure.ServoFormBase,"Add,Close",,False,Class-scoped source candidates including partial/designer files. Labels and handler wiring do not prove business success; absence is not automatically a missing action.
DashboardForm,SOURCE_CODE/UI/DashboardForm.ActionCenter.cs;SOURCE_CODE/UI/DashboardForm.cs,DeferredPageControl,"Add,Filter,Refresh",,True,Class-scoped source candidates including partial/designer files. Labels and handler wiring do not prove business success; absence is not automatically a missing action.
DevTeamDashboardForm,SOURCE_CODE/UI/DevTeamDashboardForm.cs,ServoFormBase,"Add,Close,Refresh","Build / Test Results,Files Changed,Logs,Pipeline Steps",False,Class-scoped source candidates including partial/designer files. Labels and handler wiring do not prove business success; absence is not automatically a missing action.
EmployeeDocumentDialog,SOURCE_CODE/UI/EmployeeForm.cs,ServoERP.Infrastructure.ServoFormBase,Close,,False,Class-scoped source candidates including partial/designer files. Labels and handler wiring do not prove business success; absence is not automatically a missing action.
EmployeeForm,SOURCE_CODE/UI/EmployeeForm.cs,DeferredPageControl,"Add,Save,Delete,Filter,ClearFilters,Close,Refresh","Attendance,Compliance,Documents,Pay,Profile,Work",True,Class-scoped source candidates including partial/designer files. Labels and handler wiring do not prove business success; absence is not automatically a missing action.
EmployeeSkillDialog,SOURCE_CODE/UI/EmployeeForm.cs,ServoERP.Infrastructure.ServoFormBase,"Add,Save,Close",,False,Class-scoped source candidates including partial/designer files. Labels and handler wiring do not prove business success; absence is not automatically a missing action.
ErrorLogViewerForm,SOURCE_CODE/UI/ErrorLogViewerForm.cs,BaseForm,"Close,Refresh",,False,Class-scoped source candidates including partial/designer files. Labels and handler wiring do not prove business success; absence is not automatically a missing action.
ExceptionCardDetailDialog,SOURCE_CODE/UI/ExceptionCardDetailDialog.cs,ServoERP.Infrastructure.ServoFormBase,Close,,False,Class-scoped source candidates including partial/designer files. Labels and handler wiring do not prove business success; absence is not automatically a missing action.
ExplorerDialog,SOURCE_CODE/UI/ReportForm.cs,ServoERP.Infrastructure.ServoFormBase,,,False,Class-scoped source candidates including partial/designer files. Labels and handler wiring do not prove business success; absence is not automatically a missing action.
FormTemplatePickerDialog,SOURCE_CODE/UI/FormTemplatePickerDialog.cs,ServoERP.Infrastructure.ServoFormBase,"Save,Close",,False,Class-scoped source candidates including partial/designer files. Labels and handler wiring do not prove business success; absence is not automatically a missing action.
GeoIntelligenceForm,SOURCE_CODE/UI/GeoIntelligenceForm.cs,DeferredPageControl,"Add,Save,Filter,ClearFilters,Close,Refresh","Checklist,Details,History,Notes,Parts",False,Class-scoped source candidates including partial/designer files. Labels and handler wiring do not prove business success; absence is not automatically a missing action.
GlobalSearchDialog,SOURCE_CODE/UI/GlobalSearchDialog.cs,ServoERP.Infrastructure.ServoFormBase,Filter,,False,Class-scoped source candidates including partial/designer files. Labels and handler wiring do not prove business success; absence is not automatically a missing action.
HtmlPreviewDialog,SOURCE_CODE/UI/HtmlPreviewDialog.cs,ServoERP.Infrastructure.ServoFormBase,"Add,Save,Delete",,False,Class-scoped source candidates including partial/designer files. Labels and handler wiring do not prove business success; absence is not automatically a missing action.
InventoryForm,SOURCE_CODE/UI/InventoryForm.cs,DeferredPageControl,"Add,Save,Delete,Filter,ClearFilters,Close,Refresh",,True,Class-scoped source candidates including partial/designer files. Labels and handler wiring do not prove business success; absence is not automatically a missing action.
InvoiceForm,SOURCE_CODE/UI/InvoiceForm.cs,DeferredPageControl,"Add,Save,Delete,Filter,Close,Refresh",,True,Class-scoped source candidates including partial/designer files. Labels and handler wiring do not prove business success; absence is not automatically a missing action.
InvoiceReceivablesDashboard,SOURCE_CODE/UI/InvoiceReceivablesDashboard.cs,Panel,"Save,Filter,ClearFilters,Refresh",,False,Class-scoped source candidates including partial/designer files. Labels and handler wiring do not prove business success; absence is not automatically a missing action.
JobDetailPage,SOURCE_CODE/UI/JobDetailPage.cs,BaseUserControl,"Save,Close,Refresh",,False,Class-scoped source candidates including partial/designer files. Labels and handler wiring do not prove business success; absence is not automatically a missing action.
JobManagementForm,SOURCE_CODE/UI/JobManagementForm.cs,DeferredPageControl,"Add,Save,Delete,Filter,ClearFilters,Close,Refresh",,True,Class-scoped source candidates including partial/designer files. Labels and handler wiring do not prove business success; absence is not automatically a missing action.
JobPreviewPage,SOURCE_CODE/UI/JobPreviewPage.cs,BaseUserControl,"Save,Close,Refresh",,False,Class-scoped source candidates including partial/designer files. Labels and handler wiring do not prove business success; absence is not automatically a missing action.
JobWorkflowBoardForm,SOURCE_CODE/UI/JobWorkflowBoardForm.cs,ServoERP.Infrastructure.ServoFormBase,"Close,Refresh",,False,Class-scoped source candidates including partial/designer files. Labels and handler wiring do not prove business success; absence is not automatically a missing action.
LanDeploymentCredentialDialog,SOURCE_CODE/UI/OfficeLanControlForm.cs,ServoERP.Infrastructure.ServoFormBase,Close,,False,Class-scoped source candidates including partial/designer files. Labels and handler wiring do not prove business success; absence is not automatically a missing action.
LegalAgreementForm,SOURCE_CODE/UI/LegalAgreementForm.Designer.cs;SOURCE_CODE/UI/LegalAgreementForm.cs,ServoERP.Infrastructure.ServoFormBase,Close,,False,Class-scoped source candidates including partial/designer files. Labels and handler wiring do not prove business success; absence is not automatically a missing action.
LicenseActivationForm,SOURCE_CODE/UI/Licensing/LicenseActivationForm.cs,ServoERP.Infrastructure.ServoFormBase,Close,,False,Class-scoped source candidates including partial/designer files. Labels and handler wiring do not prove business success; absence is not automatically a missing action.
LoginForm,SOURCE_CODE/UI/LoginForm.cs,Form,"Add,Close",,False,Class-scoped source candidates including partial/designer files. Labels and handler wiring do not prove business success; absence is not automatically a missing action.
MainForm,SOURCE_CODE/UI/MainForm.cs,BaseForm,"Add,Save,Filter,Close,Refresh",,False,Class-scoped source candidates including partial/designer files. Labels and handler wiring do not prove business success; absence is not automatically a missing action.
MarkVisitCompleteForm,SOURCE_CODE/UI/MarkVisitCompleteForm.Designer.cs;SOURCE_CODE/UI/MarkVisitCompleteForm.cs,ServoERP.Infrastructure.ServoFormBase,"Save,Close",,False,Class-scoped source candidates including partial/designer files. Labels and handler wiring do not prove business success; absence is not automatically a missing action.
MasterDataForm,SOURCE_CODE/UI/MasterDataForm.cs,DeferredPageControl,"Add,Save,Delete,Refresh","Assets,Documents,Imports,Lookups,Rate Cards,Server,Setup",True,Class-scoped source candidates including partial/designer files. Labels and handler wiring do not prove business success; absence is not automatically a missing action.
MergeDuplicatesDialog,SOURCE_CODE/UI/VendorForm.cs,ServoERP.Infrastructure.ServoFormBase,,,False,Class-scoped source candidates including partial/designer files. Labels and handler wiring do not prove business success; absence is not automatically a missing action.
ModuleCatalogForm,SOURCE_CODE/UI/ModuleCatalogForm.cs,ServoERP.Infrastructure.ServoFormBase,Close,,False,Class-scoped source candidates including partial/designer files. Labels and handler wiring do not prove business success; absence is not automatically a missing action.
NewTaskDialog,SOURCE_CODE/UI/DevTeamDashboardForm.cs,ServoFormBase,"Add,Close",,False,Class-scoped source candidates including partial/designer files. Labels and handler wiring do not prove business success; absence is not automatically a missing action.
NotificationCenterDialog,SOURCE_CODE/UI/NotificationCenterDialog.cs,ServoERP.Infrastructure.ServoFormBase,Refresh,,False,Class-scoped source candidates including partial/designer files. Labels and handler wiring do not prove business success; absence is not automatically a missing action.
OfficeApiSettingsForm,SOURCE_CODE/UI/OfficeApiSettingsForm.cs,ServoERP.Infrastructure.ServoFormBase,"Save,Close",,False,Class-scoped source candidates including partial/designer files. Labels and handler wiring do not prove business success; absence is not automatically a missing action.
OfficeLanControlForm,SOURCE_CODE/UI/OfficeLanControlForm.cs,ServoERP.Infrastructure.ServoFormBase,"Add,Save,ClearSelection,Close",,False,Class-scoped source candidates including partial/designer files. Labels and handler wiring do not prove business success; absence is not automatically a missing action.
OpenSourceLicenseForm,SOURCE_CODE/UI/OpenSourceLicenseForm.Designer.cs;SOURCE_CODE/UI/OpenSourceLicenseForm.cs,ServoERP.Infrastructure.ServoFormBase,Close,,False,Class-scoped source candidates including partial/designer files. Labels and handler wiring do not prove business success; absence is not automatically a missing action.
OwnerCardDetailDialog,SOURCE_CODE/UI/ReportForm.cs,ServoERP.Infrastructure.ServoFormBase,Close,,False,Class-scoped source candidates including partial/designer files. Labels and handler wiring do not prove business success; absence is not automatically a missing action.
PaymentForm,SOURCE_CODE/UI/PaymentForm.cs,DeferredPageControl,"Add,Save,Delete,Filter,ClearFilters,Close,Refresh",,True,Class-scoped source candidates including partial/designer files. Labels and handler wiring do not prove business success; absence is not automatically a missing action.
PayrollForm,SOURCE_CODE/UI/PayrollForm.cs,DeferredPageControl,"Add,Save,Delete,Filter,Close","Dashboard,Employee Details,Form 16,Run Payroll,Salary Structures,Statutory Payments,TDS Summary",True,Class-scoped source candidates including partial/designer files. Labels and handler wiring do not prove business success; absence is not automatically a missing action.
PorterDeliveriesForm,SOURCE_CODE/UI/PorterDeliveriesForm.cs,DeferredPageControl,"Add,Save,ClearFilters,Refresh",,True,Class-scoped source candidates including partial/designer files. Labels and handler wiring do not prove business success; absence is not automatically a missing action.
PurchaseForm,SOURCE_CODE/UI/PurchaseForm.cs,DeferredPageControl,"Add,Save,Delete,Filter,ClearFilters,Close,Refresh",,True,Class-scoped source candidates including partial/designer files. Labels and handler wiring do not prove business success; absence is not automatically a missing action.
PurchasePreviewDialog,SOURCE_CODE/UI/PurchaseForm.cs,ServoERP.Infrastructure.ServoFormBase,,,False,Class-scoped source candidates including partial/designer files. Labels and handler wiring do not prove business success; absence is not automatically a missing action.
QuotationDeliveryWizardForm,SOURCE_CODE/UI/QuotationDeliveryWizardForm.cs,ServoFormBase,"Add,Save,Close",5  Review,False,Class-scoped source candidates including partial/designer files. Labels and handler wiring do not prove business success; absence is not automatically a missing action.
QuotationPreviewDialog,SOURCE_CODE/UI/TenderBidForm.cs,ServoERP.Infrastructure.ServoFormBase,,,False,Class-scoped source candidates including partial/designer files. Labels and handler wiring do not prove business success; absence is not automatically a missing action.
ReportForm,SOURCE_CODE/UI/ReportForm.cs,DeferredPageControl,"Add,Save,Filter,Close,Refresh",,True,Class-scoped source candidates including partial/designer files. Labels and handler wiring do not prove business success; absence is not automatically a missing action.
SLADashboardForm,SOURCE_CODE/UI/SLADashboardForm.cs,DeferredPageControl,"Filter,Close,Refresh",,True,Class-scoped source candidates including partial/designer files. Labels and handler wiring do not prove business success; absence is not automatically a missing action.
ServerFirstRunSetupForm,SOURCE_CODE/UI/ServerFirstRunSetupForm.cs,ServoERP.Infrastructure.ServoFormBase,"Add,Save",,False,Class-scoped source candidates including partial/designer files. Labels and handler wiring do not prove business success; absence is not automatically a missing action.
ServiceDeskForm,SOURCE_CODE/UI/ServiceDeskForm.cs,DeferredPageControl,"Add,Save,Filter,ClearFilters,Close","Emails,Incident,Work notes",False,Class-scoped source candidates including partial/designer files. Labels and handler wiring do not prove business success; absence is not automatically a missing action.
ServoConfirmDialog,SOURCE_CODE/Infrastructure/ServoConfirmDialog.cs,ServoFormBase,Close,,False,Class-scoped source candidates including partial/designer files. Labels and handler wiring do not prove business success; absence is not automatically a missing action.
ServoModalForm,SOURCE_CODE/UI/ServoModalForm.cs,ServoFormBase,,,False,Class-scoped source candidates including partial/designer files. Labels and handler wiring do not prove business success; absence is not automatically a missing action.
SettingsForm,SOURCE_CODE/UI/SettingsForm.cs,DeferredPageControl,"Add,Save,Delete,Filter,Close,Refresh","Audit Log,General,Users & Logins",False,Class-scoped source candidates including partial/designer files. Labels and handler wiring do not prove business success; absence is not automatically a missing action.
SharedStorageSettingsForm,SOURCE_CODE/UI/SharedStorageSettingsForm.cs,ServoERP.Infrastructure.ServoFormBase,"Add,Save,Close",,False,Class-scoped source candidates including partial/designer files. Labels and handler wiring do not prove business success; absence is not automatically a missing action.
SiteMonitorDetailDialog,SOURCE_CODE/UI/GeoIntelligenceForm.cs,ServoERP.Infrastructure.ServoFormBase,Close,,False,Class-scoped source candidates including partial/designer files. Labels and handler wiring do not prove business success; absence is not automatically a missing action.
SmartDispatchForm,SOURCE_CODE/UI/SmartDispatchForm.cs,ServoFormBase,"Close,Refresh",,False,Class-scoped source candidates including partial/designer files. Labels and handler wiring do not prove business success; absence is not automatically a missing action.
SmartImportDuplicateCleanupDialog,SOURCE_CODE/UI/SmartImportDuplicateCleanupDialog.cs,ServoFormBase,"Save,Delete,Filter,SelectAll,ClearSelection,Close",,True,Class-scoped source candidates including partial/designer files. Labels and handler wiring do not prove business success; absence is not automatically a missing action.
SupplierPriceComparisonDialog,SOURCE_CODE/UI/SupplierPriceComparisonDialog.cs,ServoFormBase,"Save,Close",,False,Class-scoped source candidates including partial/designer files. Labels and handler wiring do not prove business success; absence is not automatically a missing action.
SupportCenterDialog,SOURCE_CODE/UI/SupportCenterDialog.cs,ServoERP.Infrastructure.ServoFormBase,"Add,Save,Filter,Close",,False,Class-scoped source candidates including partial/designer files. Labels and handler wiring do not prove business success; absence is not automatically a missing action.
TemplatePickerDialog,SOURCE_CODE/UI/TenderBidForm.cs,ServoERP.Infrastructure.ServoFormBase,Close,,False,Class-scoped source candidates including partial/designer files. Labels and handler wiring do not prove business success; absence is not automatically a missing action.
TenderBidForm,SOURCE_CODE/UI/TenderBidForm.QuotationDashboard.cs;SOURCE_CODE/UI/TenderBidForm.QuotationForecastDashboard.cs;SOURCE_CODE/UI/TenderBidForm.cs,DeferredPageControl,"Add,Save,Delete,Filter,ClearFilters,Close,Refresh",,True,Class-scoped source candidates including partial/designer files. Labels and handler wiring do not prove business success; absence is not automatically a missing action.
ToastNotification,SOURCE_CODE/UI/ToastNotification.cs,ServoERP.Infrastructure.ServoFormBase,,,False,Class-scoped source candidates including partial/designer files. Labels and handler wiring do not prove business success; absence is not automatically a missing action.
UserGuideForm,SOURCE_CODE/UI/UserGuideForm.cs,ServoERP.Infrastructure.ServoFormBase,,,False,Class-scoped source candidates including partial/designer files. Labels and handler wiring do not prove business success; absence is not automatically a missing action.
VendorForm,SOURCE_CODE/UI/VendorForm.cs,DeferredPageControl,"Add,Save,Delete,Filter,ClearFilters,Refresh",,True,Class-scoped source candidates including partial/designer files. Labels and handler wiring do not prove business success; absence is not automatically a missing action.
VisualPreviewDialog,SOURCE_CODE/UI/PageHeaderPolishService.cs,ServoFormBase,Save,,False,Class-scoped source candidates including partial/designer files. Labels and handler wiring do not prove business success; absence is not automatically a missing action.
WhatsAppHubForm,SOURCE_CODE/UI/WhatsAppHubForm.cs,BaseUserControl,"Add,Save,Filter,ClearFilters,Refresh",,False,Class-scoped source candidates including partial/designer files. Labels and handler wiring do not prove business success; absence is not automatically a missing action.
WhatsAppQuickActionDialog,SOURCE_CODE/UI/WhatsAppQuickActionDialog.cs,ServoERP.Infrastructure.ServoFormBase,"Save,Close",,False,Class-scoped source candidates including partial/designer files. Labels and handler wiring do not prove business success; absence is not automatically a missing action.
WhatsNewDialog,SOURCE_CODE/UI/MainForm.cs,ServoERP.Infrastructure.ServoFormBase,,,False,Class-scoped source candidates including partial/designer files. Labels and handler wiring do not prove business success; absence is not automatically a missing action.
